ott_id,organism_otol_class,domain,organism_otol_family,organism_otol_genus,organism_otol_kingdom,no rank,organism_otol_order,organism_otol_phylum,subclass,subfamily,superorder,tribe,organism_otol_unique_name,organism_otol_class_ott_id,domain_ott_id,organism_otol_family_ott_id,organism_otol_genus_ott_id,organism_otol_kingdom_ott_id,no rank_ott_id,organism_otol_order_ott_id,organism_otol_phylum_ott_id,subclass_ott_id,subfamily_ott_id,superorder_ott_id,tribe_ott_id,flags,rank,organism_otol_species,organism_otol_species_ott_id
17450,Magnoliopsida,Eukaryota,Malvaceae,Abelmoschus,Archaeplastida,life,Malvales,Streptophyta,,Malvoideae,,,Abelmoschus manihot,99252.0,304358.0,279960.0,590123.0,5268475.0,805080.0,229284.0,916750.0,,469942.0,,,[],species,Abelmoschus manihot,17450.0
320380,Magnoliopsida,Eukaryota,Oleaceae,Abeliophyllum,Archaeplastida,life,Lamiales,Streptophyta,,,,Forsythieae,Abeliophyllum distichum,99252.0,304358.0,23723.0,320357.0,5268475.0,805080.0,23736.0,916750.0,,,,1088194.0,[],species,Abeliophyllum distichum,320380.0
425469,Magnoliopsida,Eukaryota,Caprifoliaceae,Zabelia,Archaeplastida,life,Dipsacales,Streptophyta,,,campanulids,,Zabelia mosanensis,99252.0,304358.0,69534.0,702435.0,5268475.0,805080.0,659705.0,916750.0,,,596121.0,,[],species,Zabelia mosanensis,425469.0
514975,Magnoliopsida,Eukaryota,Malvaceae,Abelmoschus,Archaeplastida,life,Malvales,Streptophyta,,Malvoideae,,,Abelmoschus esculentus,99252.0,304358.0,279960.0,590123.0,5268475.0,805080.0,229284.0,916750.0,,469942.0,,,[],species,Abelmoschus esculentus,514975.0
876306,,Eukaryota,Pinaceae,Abies,Archaeplastida,life,Pinales,Streptophyta,Pinidae,,,,Abies nordmanniana,,304358.0,994067.0,994065.0,5268475.0,805080.0,4736806.0,916750.0,7580277.0,,,,[],species,Abies nordmanniana,876306.0
876314,,Eukaryota,Pinaceae,Abies,Archaeplastida,life,Pinales,Streptophyta,Pinidae,,,,Abies koreana,,304358.0,994067.0,994065.0,5268475.0,805080.0,4736806.0,916750.0,7580277.0,,,,[],species,Abies koreana,876314.0
887363,,Eukaryota,Pinaceae,Abies,Archaeplastida,life,Pinales,Streptophyta,Pinidae,,,,Abies alba,,304358.0,994067.0,994065.0,5268475.0,805080.0,4736806.0,916750.0,7580277.0,,,,[],species,Abies alba,887363.0
1030301,Magnoliopsida,Eukaryota,Malvaceae,Abelmoschus,Archaeplastida,life,Malvales,Streptophyta,,Malvoideae,,,Abelmoschus moschatus,99252.0,304358.0,279960.0,590123.0,5268475.0,805080.0,229284.0,916750.0,,469942.0,,,[],species,Abelmoschus moschatus,1030301.0
3892281,Magnoliopsida,Eukaryota,Caprifoliaceae,Abelia,Archaeplastida,life,Dipsacales,Streptophyta,,,campanulids,,Abelia x grandiflora,99252.0,304358.0,69534.0,1014066.0,5268475.0,805080.0,659705.0,916750.0,,,596121.0,,['hybrid'],species,Abelia x grandiflora,3892281.0
